SNO,Employee Code,First Name,Last Name,Email,Phone,Alternate Phone,Gender,Date of Birth,Marital Status,Blood Group,Nationality,Father's Name,Mother's Name,Highest Qualification,Aadhar Number,PAN Number,Passport Number,Current Address,Permanent Address,City,State,Country,Pin Code,Emergency Contact Name,Emergency Contact Phone,Emergency Contact Relation,Company,Department,Designation,Shift,Employment Type,Work Location,Manager,Reporting Manager,Salary,Joining Date,Probation End Date,Confirmation Date,Exit Date,Exit Reason,Status,Bank Name,Bank Account Number,IFSC Code,UAN,PF Number,ESIC Number
1,EMP-1001,Aarav,Sharma,aarav.sharma@kapnotech.com,9876543210,9000010000,Male,1990-01-10,Single,O+,Indian,Priya Sharma,Ananya Sharma,B.Tech Computer Science,200010000000,ABCPE1000F,,"10, Shivaji Nagar, Mumbai","20, Park Street, Pune",Mumbai,Maharashtra,India,400001,Meera Sharma,9811120000,Father,KapnoTech,Information Technology,Software Engineer,Morning Shift,Full-Time,Mumbai Head Office,,,45000,2020-01-10,2021-01-10,2021-02-10,,,Active,State Bank of India,30100000000,SBIN0001234,100987654321,MH/12345/6789,1234567890
2,EMP-1002,Diya,Verma,diya.verma@kapnotech.com,9876543211,9000010001,Female,1991-02-11,Married,A+,Indian,Vikram Verma,Karan Verma,MBA Finance,200110000001,ABCPE1001F,,"11, Shivaji Nagar, Pune","21, Park Street, Delhi",Pune,Maharashtra,India,411001,Siddharth Verma,9811120001,Mother,KapnoTech,Human Resources,HR Executive,General Shift,Full-Time,Pune Head Office,Aarav Sharma,Diya Verma,50500,2021-02-11,2022-02-11,2022-03-11,,,Active,HDFC Bank,30100000137,HDFC0000123,100987654322,MH/12346/6789,1234567891
3,EMP-1003,Rohan,Patil,rohan.patil@kapnotech.com,9876543212,9000010002,Female,1992-03-12,Single,B+,Indian,Ananya Patil,Meera Patil,B.Com,200210000002,ABCPE1002F,,"12, Shivaji Nagar, Delhi","22, Park Street, Bengaluru",Delhi,Delhi,India,110001,Neha Patil,9811120002,Father,KapnoTech,Finance,Accountant,Night Shift,Contract,Delhi Head Office,Aarav Sharma,Diya Verma,56000,2022-03-12,2023-03-12,2023-04-12,,,Active,ICICI Bank,30100000274,ICIC0000001,100987654323,MH/12347/6789,1234567892
4,EMP-1004,Priya,Reddy,priya.reddy@kapnotech.com,9876543213,9000010003,Male,1993-04-13,Married,AB+,Indian,Karan Reddy,Siddharth Reddy,M.Sc Physics,200310000003,ABCPE1003F,,"13, Shivaji Nagar, Bengaluru","23, Park Street, Mumbai",Bengaluru,Karnataka,India,560001,Aarav Reddy,9811120003,Mother,KapnoTech,Sales,Sales Executive,Morning Shift,Full-Time,Bengaluru Head Office,Aarav Sharma,Diya Verma,61500,2023-04-13,2024-04-13,,,,On Leave,Axis Bank,30100000411,UTIB0000123,100987654324,MH/12348/6789,1234567893
5,EMP-1005,Vikram,Nair,vikram.nair@kapnotech.com,9876543214,9000010004,Male,1994-05-14,Married,O-,Indian,Meera Nair,Neha Nair,BBA,200410000004,ABCPE1004F,,"14, Shivaji Nagar, Mumbai","24, Park Street, Pune",Mumbai,Maharashtra,India,400001,Diya Nair,9811120004,Father,KapnoTech,Information Technology,Software Engineer,General Shift,Part-Time,Mumbai Head Office,Aarav Sharma,Diya Verma,67000,2024-05-14,2025-05-14,2025-06-14,,,Active,State Bank of India,30100000548,SBIN0001234,100987654325,MH/12349/6789,1234567894
6,EMP-1006,Ananya,Iyer,ananya.iyer@kapnotech.com,9876543215,9000010005,Female,1995-06-15,Single,A-,Indian,Siddharth Iyer,Aarav Iyer,B.Tech IT,200510000005,ABCPE1005F,,"15, Shivaji Nagar, Pune","25, Park Street, Delhi",Pune,Maharashtra,India,411001,Rohan Iyer,9811120005,Mother,KapnoTech,Human Resources,HR Executive,Night Shift,Full-Time,Pune Head Office,Aarav Sharma,Diya Verma,72500,2020-06-15,2021-06-15,2021-07-15,,,Active,HDFC Bank,30100000685,HDFC0000123,100987654326,MH/12350/6789,1234567895
7,EMP-1007,Karan,Singh,karan.singh@kapnotech.com,9876543216,9000010006,Female,1996-07-16,Married,B-,Indian,Neha Singh,Diya Singh,MCA,200610000006,ABCPE1006F,,"16, Shivaji Nagar, Delhi","26, Park Street, Bengaluru",Delhi,Delhi,India,110001,Priya Singh,9811120006,Father,KapnoTech,Finance,Accountant,Morning Shift,Full-Time,Delhi Head Office,Aarav Sharma,Diya Verma,78000,2021-07-16,2022-07-16,2022-08-16,,,Active,ICICI Bank,30100000822,ICIC0000001,100987654327,MH/12351/6789,1234567896
8,EMP-1008,Meera,Joshi,meera.joshi@kapnotech.com,9876543217,9000010007,Male,1997-08-17,Single,O+,Indian,Aarav Joshi,Rohan Joshi,B.Sc Nursing,200710000007,ABCPE1007F,,"17, Shivaji Nagar, Bengaluru","27, Park Street, Mumbai",Bengaluru,Karnataka,India,560001,Vikram Joshi,9811120007,Mother,KapnoTech,Sales,Sales Executive,General Shift,Intern,Bengaluru Head Office,Aarav Sharma,Diya Verma,83500,2022-08-17,2023-08-17,2023-09-17,,,Active,Axis Bank,30100000959,UTIB0000123,100987654328,MH/12352/6789,1234567897
9,EMP-1009,Siddharth,Gupta,siddharth.gupta@kapnotech.com,9876543218,9000010008,Male,1990-09-18,Married,A+,Indian,Diya Gupta,Priya Gupta,B.Tech ECE,200810000008,ABCPE1008F,,"18, Shivaji Nagar, Mumbai","28, Park Street, Pune",Mumbai,Maharashtra,India,400001,Ananya Gupta,9811120008,Father,KapnoTech,Information Technology,Software Engineer,Night Shift,Full-Time,Mumbai Head Office,Aarav Sharma,Diya Verma,89000,2023-09-18,2024-09-18,,2026-03-31,Resigned - better opportunity,Inactive,State Bank of India,30100001096,SBIN0001234,100987654329,MH/12353/6789,1234567898
10,EMP-1010,Neha,Rao,neha.rao@kapnotech.com,9876543219,9000010009,Female,1991-01-10,Single,B+,Indian,Rohan Rao,Vikram Rao,MA English,200910000009,ABCPE1009F,,"19, Shivaji Nagar, Pune","29, Park Street, Delhi",Pune,Maharashtra,India,411001,Karan Rao,9811120009,Mother,KapnoTech,Human Resources,HR Executive,Morning Shift,Consultant,Pune Head Office,Aarav Sharma,Diya Verma,94500,2024-01-10,2025-01-10,2025-02-10,,,Active,HDFC Bank,30100001233,HDFC0000123,100987654330,MH/12354/6789,1234567899